"film_id","year","length","budget","votes","genre","rating"
49834,1963,107,11.4,225,"Romance",3.1
53923,1984,NA,9.7,59,"Comedy",2.3
30020,1992,32,15.4,6,"Documentary",7.7
46364,2000,NA,11.5,69,"Action",2.3
19967,1964,87,9.4,34,"Comedy",5.5
41873,2003,95,13.3,22,"Action",4.9
39319,1983,96,9.6,10,"Drama",2.9
42809,1989,92,12,200,"Action",4.2
32883,1940,81,16,7,"Drama",5.3
47313,1906,8,11,5,"Drama",7.7
10432,1995,125,12.7,21,"Drama",3.8
31043,1980,97,10.6,71,"Comedy",8.2
36926,1940,10,9.1,6,"Documentary",8
4123,1959,95,11.7,19,"Comedy",8.7
53837,1988,104,14.8,892,"Drama",4.5
1363,2001,75,12.8,16,"Animation",2.6
37854,1940,68,6.3,28,"Drama",3.6
58512,1969,80,5.1,66,"Drama",3.9
14343,1997,52,9.5,5,"Documentary",7.4
26827,1990,6,14.6,7,"Animation",8.3
3963,1994,93,15.3,79,"Drama",3.8
34071,2000,20,11,5,"Short",8.4
47671,1949,6,16.2,13,"Animation",8.6
37139,2002,97,8.8,231,"Comedy",2.7
33357,2003,143,12.2,443,"Drama",4.3
45861,1968,90,9.8,6,"Drama",3.3
56158,1950,71,7.3,44,"Comedy",3.4
31347,1915,11,8.7,8,"Comedy",7.8
42429,1984,97,17.7,147,"Action",8.6
47452,1963,76,7.2,167,"Action",3.4
24142,1970,77,15.5,8,"Comedy",7.8
25464,1999,157,9.8,28780,"Drama",4.5
16743,1998,87,6.8,35,"Comedy",3.1
4874,1982,90,13.6,24,"Drama",3
6223,1976,NA,8.6,104,"Drama",3.2
24671,1955,8,9.7,7,"Animation",2
51042,1967,78,20.6,14,"Drama",7.8
50433,2004,96,13.5,108,"Comedy",4
15391,1983,5,14.1,31,"Animation",7.9
55788,1988,288,8.3,126,"Drama",3.4
54338,1989,80,13.1,36,"Documentary",8.3
44911,1981,83,9.3,50,"Action",1.4
57445,2003,97,10.7,43,"Action",4.2
50832,2001,70,14.5,48,"Drama",3.6
14155,1969,107,10.8,61,"Action",4.2
9423,1977,93,11,50,"Comedy",7.5
37985,2002,28,13.1,8,"Documentary",8.1
13851,2004,NA,6.8,14,"Documentary",5.1
29408,1994,75,10.7,16,"Comedy",8.3
16015,1994,109,8.2,435,"Documentary",5.7
21994,2000,110,9.1,1440,"Comedy",4.8
37814,1958,85,12.5,25,"Comedy",7.7
50386,1960,80,13.7,69,"Action",3.8
37916,1966,91,12.6,829,"Action",2.6
37968,1996,106,12.4,16,"Action",5.3
40615,1985,97,11.8,5022,"Comedy",8.2
56856,1989,47,14.1,27,"Action",4.6
56100,1973,99,14.5,46,"Drama",2.8
19410,2001,87,5.4,37,"Drama",4
11118,1999,93,10.1,404,"Comedy",3.9
18997,1960,94,16,10,"Comedy",8.5
9056,1993,90,12.5,23,"Action",3.7
6111,1984,95,15.8,16,"Drama",3.8
38050,1986,NA,17.7,84,"Drama",3.3
24951,1979,100,14.3,6,"Drama",4
27869,1999,190,13.9,13,"Drama",4.3
18552,1956,98,18.7,6736,"Drama",3.9
30862,1970,93,9.9,8,"Comedy",5.2
32491,2004,100,15.2,23,"Comedy",7.7
17301,1964,118,9.5,1575,"Comedy",4
790,1993,112,11.5,15,"Action",4.2
27593,2002,90,10.5,41,"Action",3.7
26346,2002,62,13,11,"Documentary",7.9
28655,1989,98,6.6,12,"Drama",3.2
56258,1939,112,11.4,72,"Drama",4.5
18709,1976,87,8.5,34,"Action",8.2
45780,2001,5,13.7,8,"Short",7.7
23382,1998,19,14.2,46,"Comedy",7.4
1807,1972,76,15.9,15,"Drama",3.1
55704,2002,96,11,27,"Drama",3.9
26977,2002,94,7.8,8,"Action",4.6
10545,1999,114,13.3,17,"Action",3.9
24267,1992,45,9.2,10,"Action",7.6
18769,1951,7,14.9,15,"Animation",7.8
6121,1961,77,9.2,95,"Drama",4.6
19152,1958,101,9.6,164,"Action",5.6
15393,2003,3,10.4,26,"Animation",8
13098,1965,92,9.4,302,"Action",8.6
33317,2000,85,9.8,8,"Comedy",8.8
57802,1933,114,10.5,12,"Drama",3.5
9105,2004,9,14,10,"Short",8.3
44069,1958,7,15.2,26,"Animation",8.3
10056,2000,14,12,6,"Drama",7.5
28523,1944,95,10.2,8,"Action",4.9
13434,1990,94,12.5,29,"Drama",4.2
53124,1968,91,8.4,11,"Action",4.1
29385,1978,82,14.9,19,"Action",5
41995,1989,88,10.6,8,"Drama",2.8
35564,1969,89,11.7,17,"Drama",3.4
9161,1989,40,11.8,23,"Short",7.9
32036,1953,70,11.4,17,"Action",3.4
3269,1998,87,14.8,17,"Comedy",7.8
36354,1995,14,9.5,8,"Short",7.9
41769,1988,125,14.1,107,"Comedy",8.1
54318,2003,90,11.4,23,"Comedy",8.1
40011,1975,108,14.5,154,"Action",7.7
45333,1930,67,14.9,16,"Action",3.8
9380,2003,12,11.1,12,"Comedy",8.1
39981,1942,9,10.4,6,"Documentary",7.9
477,2001,92,16.9,14,"Comedy",8.3
58318,1997,112,14.7,16,"Action",3.3
36147,2000,108,13.5,3131,"Comedy",5.1
32349,1990,82,11.9,1253,"Comedy",5.3
42667,1936,60,16.2,20,"Action",7.8
21779,1983,110,11.8,20,"Drama",3.8
8297,2000,105,12.1,204,"Documentary",8.2
25360,1990,83,13,12,"Action",4.5
50963,1983,NA,11.7,18,"Action",4.3
45374,1988,99,10.2,18,"Action",3.5
667,1974,153,10.1,20,"Drama",5.7
42116,1951,81,16.2,66,"Action",4.3
50307,1976,91,8.7,5,"Action",3.1
21562,1957,88,14.3,33,"Action",3.8
46437,2002,2,13.7,18,"Comedy",8.3
52365,1999,147,10.2,22,"Drama",4.1
33612,2000,122,12.4,4746,"Drama",3.2
22960,1997,82,12.6,131,"Comedy",7.6
39511,1941,119,13.4,732,"Drama",3.1
48036,1993,95,12.5,2478,"Comedy",8.3
19194,1975,NA,14.3,22,"Action",4.2
25895,1975,94,12.4,40,"Drama",2.8
37392,1962,80,11.6,19,"Drama",2.6
11447,2003,89,12.6,206,"Comedy",2.3
27463,1997,91,13.6,6,"Romance",0.8
54375,2002,17,14.9,7,"Short",7.8
30291,2003,21,15.5,20,"Short",8.8
41886,1962,85,13,16,"Drama",4.2
54794,1982,85,6.5,37,"Drama",5.2
26438,2001,7,14.7,13,"Animation",3.1
52113,1963,88,10.4,42,"Comedy",4.6
34463,1933,8,11.1,16,"Animation",7.7
38848,1999,15,11.4,76,"Drama",8.4
13211,1988,95,11.7,12,"Comedy",7.6
17079,1973,90,14.9,33,"Action",4.2
44429,1939,55,10.5,9,"Action",4.5
9804,1980,93,12.6,140,"Action",3.8
44004,1954,171,10.2,55,"Drama",5.2
41645,2000,15,16.1,6,"Short",8
16933,2004,85,7.8,58,"Comedy",4
9298,1964,106,10.8,280,"Drama",2.8
32769,2002,93,14.8,3324,"Drama",4.4
6313,1972,86,17.2,125,"Action",8.8
12806,1982,84,6.1,3983,"Comedy",4.7
2785,1990,93,9.2,10,"Drama",4.5
15637,1971,84,11.5,8,"Comedy",7.1
14135,1980,10,6.6,14,"Documentary",8
45108,2001,80,9.4,94,"Comedy",4.3
33266,1993,100,14.9,681,"Comedy",8.5
25909,2003,105,11.4,1295,"Drama",4.5
12326,1968,107,13.9,56,"Drama",4.6
42485,1934,52,9.3,5,"Action",3.5
37179,1959,149,12.8,1197,"Drama",1.2
56172,2001,97,14.5,207,"Drama",2.5
57617,1948,120,12.9,148,"Comedy",8.2
25439,2002,8,10.5,36,"Short",8
11742,1970,106,10.3,136,"Drama",3.4
47365,1969,110,11.1,13,"Drama",2.2
51826,1980,105,20.3,50,"Comedy",7.9
53157,1961,95,9.8,17,"Action",5.1
28304,1999,20,12,56,"Short",8.4
54164,1918,80,10,5,"Drama",4.5
37716,1981,90,6.9,10,"Documentary",2.5
51738,1958,100,15.6,21,"Drama",2.2
25306,1921,93,12.6,72,"Action",6.4
28086,2002,82,11.6,34,"Drama",2.9
4592,1955,82,10.1,16,"Drama",4.7
29244,2002,96,10.5,56,"Comedy",8.2
52504,1996,110,14.5,10,"Action",5
17926,1932,66,14.6,29,"Comedy",8.4
10730,1956,92,16.7,66,"Drama",3.7
469,1969,81,13.2,18,"Action",3
3097,1940,110,9.2,87,"Comedy",4.3
50474,1997,12,13.8,38,"Animation",2.5
37205,2001,81,9.9,7,"Drama",2.5
16851,1959,81,12.5,36,"Action",2.9
8375,1988,81,9.5,8,"Drama",3.1
12363,1987,98,8,55,"Action",3.6
26406,1954,83,15.4,10,"Action",5
50835,2003,88,13,596,"Documentary",7.2
3727,2004,170,11.4,16217,"Drama",4.6
57724,2001,123,11.4,109,"Comedy",7.8
38677,2004,6,18,5,"Short",8.5
2155,1984,21,10.9,12,"Documentary",8.1
48465,1994,116,9,32979,"Action",2
1163,1976,100,12.8,9,"Comedy",7.9
34222,1976,30,10.7,5,"Documentary",8.1
39061,1948,74,16.5,20,"Documentary",7.7
43954,1936,85,15.6,5,"Action",4.6
23491,1942,80,13.3,8,"Action",4.6
321,2000,6,12.5,16,"Short",8.3
34614,1957,78,9.1,18,"Drama",3.9
43672,2005,93,10.3,39,"Documentary",7.1
15418,1997,78,10.5,70,"Documentary",7.6
19257,1999,16,15.8,17,"Short",8
1462,1987,88,14.9,6,"Comedy",7.7
2494,1944,107,12.4,54,"Comedy",7.9
3462,1992,107,13.9,13,"Drama",1.9
19312,1982,97,13,10,"Drama",4.2
5927,2000,95,15.1,59,"Action",7.8
29587,1953,95,10.1,15,"Comedy",8
11202,2003,135,10.6,7860,"Action",3.8
55215,1999,100,10.3,48,"Drama",3.7
4777,1996,112,7.1,7452,"Comedy",2.5
1096,1940,205,8.6,28,"Action",3.6
17905,1986,103,9.1,267,"Drama",3.3
11672,1995,90,11.7,11,"Comedy",7.8
17724,1994,136,8.1,686,"Comedy",3.9
15039,1976,96,12.2,56,"Comedy",8.2
18104,1951,77,13.9,38,"Action",4.7
46149,2002,80,10,5,"Action",2.1
2421,1972,NA,12.1,9,"Action",5.2
3756,1949,7,11.7,94,"Animation",8.7
43133,1993,130,12.3,9,"Action",3.7
29492,1997,86,7.6,18,"Action",3.7
34446,1984,126,13.8,9,"Action",2.9
20038,1987,86,11,51,"Comedy",7.5
39435,1934,6,12.6,45,"Animation",8.6
21082,1922,60,15.7,109,"Comedy",8
21283,1956,80,14.4,211,"Comedy",8.5
15983,1999,12,13,25,"Short",8.3
24934,1999,56,8.7,7,"Documentary",7.4
45278,1958,79,12.8,40,"Drama",4.9
8377,2003,114,11.2,1332,"Comedy",4.4
22098,1986,109,16.1,17,"Drama",6.4
16591,1995,20,10.2,5,"Short",8.3
24631,2003,109,15.6,190,"Comedy",3.9
13051,2002,109,13.9,8003,"Comedy",8.5
39638,1947,96,6.3,154,"Comedy",5.2
32466,1997,120,7.7,291,"Comedy",3.6
3763,2004,115,17.1,25,"Drama",4.2
26750,1936,10,11.4,9,"Documentary",7.9
17116,2000,86,13.9,420,"Action",3.7
34950,2003,7,10.1,16,"Short",7.8
16782,1948,70,10.3,15,"Action",3.7
50377,1944,7,11.1,48,"Animation",8.3
57721,1995,NA,5.8,6,"Documentary",8
5486,1957,84,8.1,20,"Drama",3.5
52802,1995,NA,9.5,62,"Action",3.8
3151,1993,96,13.1,22118,"Action",8.2
48260,1962,83,9.1,9,"Comedy",4
21764,1998,89,9.1,242,"Comedy",5.6
5950,1979,105,10.9,34,"Comedy",8.3
21543,1971,88,11.8,123,"Comedy",4.8
46101,1992,82,16.7,5,"Action",8.1
25303,1975,180,15,13,"Action",3.2
2727,1950,107,8.4,529,"Comedy",4.8
56876,1993,90,18.5,116,"Action",7.7
31308,2002,120,11.5,51,"Documentary",7.2
17054,1996,30,13.4,12,"Animation",8.4
42927,1982,75,13.2,12,"Action",3.5
13213,1980,92,7,21,"Comedy",4.5
44909,1953,54,14.2,6,"Action",3.4
56605,1965,108,11.2,1414,"Comedy",7.5
25233,2004,100,16.7,105,"Comedy",8.6
4118,2003,83,7.2,23,"Drama",4
40285,1945,92,14.1,37,"Drama",4.4
38245,1997,101,17.4,422,"Comedy",8
29825,1932,71,15.4,25,"Drama",3.6
41814,1938,96,9,7,"Drama",3.8
6923,1937,82,10.6,21,"Action",3.4
5339,1985,92,12.4,5,"Action",2.7
49941,2000,93,8.9,6,"Comedy",4
3867,1954,7,7.7,77,"Animation",8.2
51129,1946,98,14.2,12,"Drama",3
34991,1999,88,13.4,2766,"Comedy",8.2
11822,1959,83,11.9,6,"Drama",4.6
40593,1947,93,14.3,9,"Action",4.6
38251,1999,17,12.7,5,"Short",7.9
30372,1985,19,8.4,6,"Short",8.1
23071,2001,123,9.1,1933,"Comedy",5.9
8195,1960,70,7.5,16,"Drama",2.7
20839,1986,90,16.3,17,"Drama",6.1
15622,2001,91,11.7,13,"Drama",3.1
56471,1929,75,12.4,9,"Documentary",7.8
24017,1962,85,11.1,11,"Drama",2.6
39011,1998,80,9.2,63,"Drama",3.8
5371,1995,100,11.1,1285,"Drama",4.4
6319,1987,90,15.3,54,"Action",3.4
11565,1989,5,14.9,1302,"Animation",7.7
23269,1943,84,9.2,57,"Action",4.8
3836,1999,95,9.9,53,"Action",5.1
50630,1995,108,15.7,12,"Action",3.1
36382,2003,61,7.4,12,"Drama",3.8
43789,1972,126,11.3,1306,"Drama",1.7
48395,2003,19,9.6,20,"Drama",8.2
32511,2001,97,16.1,81,"Drama",3.3
13031,1991,109,14.5,218,"Comedy",8.1
32724,1992,92,11.9,5,"Comedy",7.8
13007,1980,91,14.6,262,"Action",4.9
14655,1971,138,17.4,33,"Action",8.2
27329,1963,110,15.8,9,"Drama",3.8
12510,1998,54,15.9,10,"Documentary",8.7
19695,1997,101,15.5,26071,"Drama",3.1
49480,1998,89,12.5,20,"Action",3.8
6760,1944,26,8.4,156,"Short",8.9
24617,1996,75,10.6,7,"Documentary",8
19897,1945,95,12.7,9,"Comedy",8.2
10396,1953,65,13.6,40,"Comedy",8
29712,2000,NA,13.6,6,"Comedy",7.5
27431,1980,83,15.7,7,"Action",8.4
32517,1990,89,13.9,157,"Comedy",8.2
58317,1998,90,7.1,20,"Action",3.7
26449,1998,58,11.6,14,"Documentary",8.1
17029,1998,17,15.1,16,"Short",7.9
52852,1983,93,13.7,19,"Drama",4.1
4746,2003,85,12.8,22,"Comedy",5.9
34072,1997,105,12.7,28,"Documentary",8.5
10411,1986,96,14.2,2012,"Comedy",8
6924,1950,88,15.5,61,"Drama",3.7
29511,1967,72,6.1,28,"Comedy",8.3
44108,1948,8,8.3,51,"Animation",3.6
27895,1927,155,11.1,178,"Drama",4.7
28122,1980,119,5.5,12,"Action",3.9
23885,1988,83,11.8,632,"Comedy",8.6
27594,1944,137,11.2,197,"Drama",4.3
30287,1998,93,11.4,30,"Documentary",8.6
50526,1998,108,9.7,48,"Drama",4.4
35579,1959,73,12.2,8,"Action",3.5
33491,1976,132,12.3,2118,"Action",5.2
17315,1995,106,16.5,4089,"Comedy",7.9
40196,1982,98,11.9,912,"Comedy",3.6
41969,1971,87,16.4,90,"Drama",3.9
31173,1998,91,11.5,82,"Drama",3.9
11729,2004,103,14.7,15,"Comedy",8.5
50445,1997,NA,17.1,55,"Comedy",7.4
23170,1927,48,11.2,6,"Comedy",8.2
12017,1995,86,12.9,33,"Action",5.2
11778,1938,90,9.8,44,"Drama",3.2
50424,1971,7,14.4,22,"Animation",7.3
18505,1997,102,10.1,18,"Drama",4.5
48268,1994,85,17.8,78,"Drama",3.5
44318,1999,90,12.2,67,"Comedy",7.9
58153,1942,100,12.4,239,"Comedy",4
33067,1994,87,16.4,14,"Comedy",7.7
9976,1987,52,6.3,22,"Drama",4.1
16239,1995,93,9.9,35,"Drama",3.9
36265,2004,NA,11.5,102,"Drama",4.2
5919,1942,64,10.6,94,"Action",4.8
34031,1934,71,18.6,15,"Drama",4.1
39414,2002,83,13.2,67,"Drama",4
7800,2000,100,15.6,8,"Comedy",4.6
29775,1989,75,11.5,15,"Action",4.9
32598,1996,8,10.4,18,"Comedy",8.7
22416,1958,73,14,6,"Drama",5
49733,1971,101,10.6,58,"Comedy",3.8
39450,1999,9,11.7,54,"Short",7.7
1788,1999,99,16.4,670,"Drama",4.9
27583,1985,97,17.8,73,"Comedy",7.8
16644,1954,104,16.8,412,"Drama",3.4
44771,1966,105,10,5,"Comedy",5.1
20659,2000,130,16.8,1145,"Drama",4.2
7787,1942,7,10.5,128,"Animation",8.7
44315,1994,96,9.3,1222,"Comedy",4
35634,1998,106,8.2,11,"Drama",3.8
39750,1971,120,9.1,9,"Action",5.2
55400,1999,13,10.8,26,"Animation",4.1
50762,1985,119,11.9,111,"Drama",3.8
43446,2003,88,14.7,20,"Documentary",7.8
10430,2005,99,16.6,9,"Documentary",8
58525,1998,89,10.8,10,"Action",3.9
6170,2003,5,13.6,10,"Animation",7.7
54862,2000,76,12.6,5,"Comedy",8.1
34608,1985,NA,6.7,7,"Drama",5.2
49969,1993,104,16.7,5376,"Action",7.4
27735,1979,90,13.2,12,"Action",4
42916,1964,99,8.9,12,"Drama",3
306,1993,84,11.3,8,"Action",3.3
38783,1942,88,14.6,1224,"Comedy",5
37306,1971,91,16.5,61,"Drama",5.1
8746,1947,144,14.6,29,"Drama",4
5827,1991,158,12.9,2065,"Drama",6.3
22307,1938,70,5.9,58,"Comedy",2.8
6950,1966,95,12.4,763,"Drama",4
530,2003,72,13,42,"Documentary",8.2
35454,1971,68,10.2,5,"Drama",4
42341,1971,95,14.5,5,"Action",7.7
17798,2004,105,14.1,1840,"Action",4.5
7728,1943,76,6.8,13,"Action",4.3
8206,1995,85,10.6,73,"Action",3.5
31582,1942,11,10.6,5,"Short",7.3
26825,2002,79,11.7,184,"Documentary",7.7
10379,1994,119,6.9,8340,"Drama",3.6
6397,2004,87,11.7,5,"Action",5.1
16089,1994,117,11.6,190,"Drama",4.8
33381,1999,102,18.7,7247,"Comedy",7.8
26394,2003,90,8.1,9,"Comedy",3.5
53997,1943,NA,10.1,5,"Comedy",7.6
5156,1942,70,9.8,38,"Drama",3.6
41220,1960,76,7,10,"Drama",2.6
19942,1995,89,8.8,9,"Documentary",7.8
6525,1999,105,15.6,92,"Drama",3
452,1941,104,18.8,395,"Drama",5.2
51318,1992,90,15.3,9,"Drama",3.9
26938,1991,86,12.2,152,"Comedy",2.7
32783,1975,123,14.5,41,"Drama",3.4
5591,1979,93,15.9,6,"Action",5.3
30819,2003,80,12,9,"Action",3.6
1291,1966,106,11.2,9,"Action",3.8
28037,1988,101,10.1,274,"Action",4.3
49611,1983,86,10.4,43,"Action",6.1
2486,1971,131,14.1,4042,"Action",3.2
40996,1928,62,12.4,7,"Drama",4.4
44649,1937,70,10.7,100,"Drama",3.1
57352,1914,54,8,17,"Comedy",3.9
47747,1948,11,9.5,8,"Comedy",7.6
10693,1943,67,15.9,25,"Action",8
55844,1976,111,7,77,"Drama",4
51768,2000,72,12.9,44,"Documentary",7.7
27196,1997,105,12,10,"Action",4
28495,1997,96,16.5,442,"Comedy",7.9
46103,1952,78,8.4,29,"Drama",4.3
24271,2004,48,7.9,12,"Documentary",3.8
23656,1970,NA,6.2,7,"Action",5.1
21649,1997,28,12.2,61,"Short",7.3
49093,1963,79,15.2,14,"Comedy",8.1
26963,1995,104,12.4,14874,"Action",7.9
5758,1974,113,18.9,28,"Drama",6.5
13631,1981,96,13.2,214,"Comedy",7.5
45891,2000,113,16.1,1283,"Action",8.1
17133,1948,67,15.5,10,"Action",7.9
49884,1974,143,14.9,33,"Action",5.3
8535,1958,85,7.6,9,"Action",3.4
45297,1996,85,16.7,24,"Documentary",7.8
29786,1991,105,12.1,9,"Romance",3.3
47628,1961,68,8.5,10,"Action",2.6
17215,1981,90,11.5,5,"Action",2.8
9291,1989,100,11.3,40,"Action",4.3
52559,1930,86,13.3,19,"Action",2.2
46104,1977,114,12.9,31,"Action",3.1
54141,1997,65,16.9,12,"Documentary",8
10319,1994,87,11.8,182,"Action",3
36114,1903,2,14.3,8,"Action",8.7
21103,1995,107,13,419,"Comedy",3.8
47902,1987,100,14.7,141,"Action",3.5
38317,1973,142,11,8,"Drama",3.4
48202,2004,105,7.2,46,"Drama",2.3
33684,1994,94,10.9,43,"Drama",4.9
12478,1940,76,10.4,122,"Drama",2.4
12977,1977,93,15.5,10,"Drama",3.3
11936,2000,87,11.4,21,"Comedy",8.1
22539,1995,91,10.4,27,"Drama",3.9
49855,1971,103,11.2,1062,"Drama",4.9
4324,1936,95,10.2,30,"Comedy",4
24673,1996,135,9.1,356,"Comedy",3.4
53302,1998,93,12,140,"Comedy",7.7
8011,1996,101,14,84,"Comedy",7.9
28209,1997,87,8.4,17,"Action",4
5858,1950,89,8.7,7,"Action",3.6
55383,1963,105,15.3,12,"Drama",2.7
41836,1977,80,7.3,7,"Action",3.8
33443,1969,113,15.1,13091,"Drama",4.8
15786,1981,20,13.6,200,"Comedy",7.7
10212,1996,NA,13,1441,"Comedy",2.3
44205,1987,87,13.2,5,"Action",4.7
30508,1951,86,9.9,19,"Drama",2.9
51660,1972,69,13.2,90,"Action",3.6
9207,1932,58,12.8,33,"Drama",3.4
39167,1988,90,16,15,"Action",8.4
25115,1988,81,9.2,9,"Animation",5.1
25801,1989,93,12,20,"Drama",3.6
12567,1969,96,14.6,17,"Drama",2.2
21838,1970,96,17.5,38,"Drama",4
21687,1944,77,12.2,11,"Action",5.4
30646,1955,87,19.1,6,"Action",8.7
40591,1990,109,9.4,12,"Drama",4
57247,1935,75,17.6,20,"Romance",2.7
22919,1969,98,17.9,5,"Action",7.9
13946,1915,5,10.3,29,"Animation",7.9
53402,1952,95,6.6,5,"Drama",4.2
46759,1988,18,9.1,6,"Documentary",8.2
11929,1936,7,13,20,"Animation",7.8
17142,1992,140,14.6,8556,"Drama",5.8
2441,1971,85,11.6,3539,"Comedy",7.8
23415,1995,81,10.7,10,"Comedy",7.9
33080,1941,89,16,6,"Drama",4.7
34680,1929,20,17.2,15,"Comedy",7.7
353,1990,100,6.9,51,"Action",3.8
38803,1938,55,11.2,50,"Action",2.9
14987,1976,72,16.5,5,"Comedy",7
25408,1976,112,10.6,348,"Drama",4.7
2923,1998,94,5.1,200,"Drama",4.2
4558,1997,125,16,28457,"Action",7.5
19026,2001,21,7.1,25,"Drama",7.1
18047,1963,26,11.8,7,"Documentary",8.5
3030,2000,13,6.5,11,"Drama",6.9
54205,2004,87,13.4,136,"Documentary",7.6
30342,1961,NA,15.8,14,"Comedy",3.1
11990,1995,74,10.7,61,"Comedy",4.2
36099,1998,90,12.9,142,"Action",3.5
49542,1998,88,11.8,34,"Drama",3.3
14305,1947,7,13.7,21,"Animation",8.5
30108,1948,7,14.1,32,"Animation",7.2
39624,2003,100,6.2,11,"Documentary",2.9
29177,2004,17,10.4,17,"Drama",8.1
33930,1955,123,12.3,3932,"Comedy",4.5
4040,2003,98,10.9,296,"Comedy",8.1
10095,2004,93,11,32,"Drama",4.5
17471,1955,97,12,137,"Drama",4.1
21712,1986,139,6.3,9,"Drama",3.5
24485,1935,64,15.8,13,"Comedy",5
39327,1999,70,9.4,5,"Action",4
46849,1994,106,12.7,35,"Drama",2
25689,2003,107,6.8,1741,"Drama",5.4
16117,1967,112,12.4,81,"Comedy",3.7
12758,1994,93,8.7,66,"Action",3.7
55349,1955,97,16.8,35,"Drama",3.4
34663,1997,99,12.3,4637,"Action",7.5
31399,1962,82,13.1,13,"Action",2.1
17123,1990,NA,13.6,54,"Comedy",7.8
58489,2001,60,8.8,11,"Documentary",8.4
21857,1980,89,13,6,"Action",2.5
16557,1961,80,12,17,"Comedy",7.5
16506,1934,90,12.8,64,"Action",4.6
457,1960,118,7.2,53,"Drama",4.9
53762,2003,89,12.7,13,"Comedy",7.5
12384,1950,10,13.6,14,"Drama",8.1
18832,1969,91,6.2,8,"Comedy",3.9
38490,1995,96,11.3,30,"Documentary",8.2
30518,1955,138,7.7,364,"Drama",3.5
34873,1984,90,11.9,15,"Drama",4.1
13054,2001,92,9.6,22,"Action",4
21408,1999,94,11.9,14,"Action",3.9
57934,1986,105,8.7,28,"Action",3.9
2099,1963,174,9.2,485,"Drama",3.8
30189,1980,103,5.7,363,"Drama",5.3
36428,1955,93,15.3,7543,"Drama",4
47958,1998,82,10.8,65,"Documentary",8
22057,1976,75,9.2,22,"Comedy",4.8
55848,1971,NA,12.8,238,"Action",4.1
18337,1959,87,11.1,6,"Comedy",7.8
57801,1997,83,12,176,"Action",3
13342,2002,89,14.4,1075,"Action",8.1
25471,1997,97,8.5,2309,"Action",4.6
16303,1955,87,15.7,13,"Comedy",7.9
9904,2000,121,12.9,20031,"Comedy",4
43363,2005,110,14.8,5483,"Drama",4.2
29393,1991,95,11.8,28,"Action",4.2
45015,1952,115,11.4,779,"Drama",2.4
25923,1936,83,7.8,26,"Comedy",4.9
13925,1988,8,14.2,15,"Animation",7.8
11575,1971,92,10.2,74,"Action",4.8
13666,1938,65,15,10,"Action",4.4
6600,1959,92,9,5,"Action",2.9
34093,1970,124,12.7,455,"Drama",2.6
16616,1933,67,9.3,136,"Comedy",5.6
37036,1977,80,10.3,9,"Documentary",8.1
23921,1967,NA,8.2,6,"Comedy",5.4
25930,1965,7,12.4,17,"Animation",7.5
50678,2000,12,9.5,37,"Comedy",7.4
37605,1940,9,12.4,5,"Documentary",8.1
54709,1966,106,6.7,5,"Drama",4.1
51580,1968,118,12.1,92,"Drama",5.5
6998,1975,87,6.8,48,"Action",5.4
12257,1987,42,8.6,5,"Short",8
24446,1992,110,9.2,97,"Comedy",3.5
35766,2003,40,11.9,22,"Documentary",7.5
41342,1981,91,10.9,421,"Comedy",8.2
58111,1945,103,10,31,"Drama",3.7
6264,1938,70,18.6,89,"Comedy",8.3
23866,1991,84,11.1,10637,"Action",3
41740,1986,86,8.7,296,"Animation",3.5
55319,1999,95,14.3,61,"Drama",5.5
2976,1924,12,14.2,13,"Comedy",7.7
14103,1997,87,16.9,7,"Documentary",7.4
37948,1999,30,9.2,20,"Comedy",7.5
27986,2005,170,10.7,108,"Drama",5.6
23746,1962,NA,10.5,49,"Comedy",5
1524,1998,80,13.3,34,"Action",3
19929,1990,12,11.2,7,"Short",7.2
53317,1967,126,8.7,165,"Action",3.6
14323,1996,80,14.9,28,"Comedy",7.9
6328,1997,93,11.7,91,"Drama",3.8
19649,1981,114,14.8,8,"Action",3.9
14352,1985,66,15.3,14,"Animation",3.7
38315,1989,87,15.4,5,"Drama",3.3
23844,1951,60,14.8,7,"Action",3.6
30849,2003,100,11,689,"Comedy",3.7
51626,1941,92,11.3,90,"Drama",3.2
56269,2000,90,11.4,90,"Comedy",7.6
48128,1999,96,10,14,"Comedy",7.8
2299,2001,NA,10.7,49,"Comedy",8.4
40236,1943,64,11.4,7,"Action",4
41738,1946,7,8.8,18,"Animation",8.4
14622,2001,89,6.8,86,"Action",4.7
19236,1940,53,12.5,27,"Drama",2.8
167,1990,25,8.8,183,"Short",7.9
44282,1957,17,10.9,24,"Comedy",8.1
55109,1978,120,12.7,5,"Action",4.1
1881,1962,93,12.8,82,"Comedy",8.1
52118,1995,99,12.6,307,"Drama",4
5589,1940,11,10.4,8,"Comedy",8.3
15670,2002,117,7.8,131,"Drama",3.4
50717,1982,76,10.1,8,"Action",2.2
29606,1951,77,8.4,55,"Comedy",3.3
45138,2003,15,11.2,13,"Animation",4.9
22246,1927,20,7.4,7,"Comedy",8.2
19011,1999,92,15.2,32,"Drama",5.1
45512,1970,96,12.2,23,"Comedy",8.2
46825,1964,74,15,39,"Action",4.2
26485,1968,97,11.6,26,"Action",3.8
16126,1999,12,13.3,14,"Short",8.7
43820,1937,10,10.5,13,"Short",8.1
37281,1994,94,9.3,188,"Action",5.3
49553,1987,90,9.2,49,"Action",4.2
18023,1989,97,9.9,52,"Action",5.6
25283,1965,91,10.8,28,"Action",1.2
58365,2003,NA,12.5,1189,"Action",4.3
22616,1955,98,14.1,40,"Drama",4.1
29758,1929,20,17.3,110,"Comedy",7.7
5575,1967,107,13.6,133,"Action",8.2
41437,2002,5,12.1,13,"Animation",8.3
45696,1959,76,12,24,"Animation",4.2
54940,1984,91,11.1,92,"Comedy",7.6
21798,1951,77,11.3,23,"Comedy",7.6
40716,2001,90,11,21,"Comedy",8.2
11026,1972,88,15.9,2255,"Action",8.2
42721,1966,14,14.6,5,"Short",8.4
26094,1997,124,15,12753,"Action",3.7
4331,1974,83,12.3,155,"Comedy",8.2
52376,1942,99,14.8,3579,"Comedy",8.5
31281,2002,5,10.4,9,"Comedy",8.5
30558,1983,92,10.1,151,"Action",3.9
19810,1927,83,12.5,6644,"Action",3.9
34004,1998,90,11.9,7,"Action",4.1
32077,1999,118,13,19826,"Comedy",4
33591,1940,8,13.2,38,"Animation",7.4
49184,1965,76,11.6,35,"Action",3.5
35905,1972,110,12.5,11,"Romance",1.8
47439,1998,94,12.5,23,"Drama",3.4
42278,1939,105,8.9,111,"Drama",5.7
42214,1988,103,11.6,91,"Drama",4.3
29929,1934,63,9.5,11,"Comedy",8.4
30807,1957,101,11.9,6,"Drama",5.2
3958,2003,12,9.1,10,"Drama",8.8
31822,2003,86,12.5,31,"Comedy",8.4
11141,1993,98,11.6,7593,"Comedy",7.4
23411,1988,75,11,241,"Comedy",8
136,1986,79,14.6,15,"Action",4.2
54769,1930,104,10.9,11,"Romance",4.7
50294,1965,70,11.7,7,"Drama",4.8
9808,2000,45,9,7,"Action",4
26014,1980,NA,13.5,10,"Drama",3.5
56857,1923,100,10.7,16,"Drama",4.5
52815,2000,94,15.3,46,"Comedy",7.9
9433,2004,94,13.5,141,"Drama",4.1
7166,1957,NA,15.3,31,"Animation",6.9
44924,1963,103,11.3,56,"Drama",3.3
7308,1997,95,13.6,7099,"Action",5
42412,2000,NA,14.7,85,"Comedy",7.4
23780,1959,119,9.7,1016,"Action",3.2
21438,1997,91,17.4,19,"Action",7.5
44572,2002,90,10.8,79,"Comedy",1.4
12443,2003,133,11.6,20642,"Action",4.5
21620,1998,100,9,240,"Drama",5.8
15211,1976,121,10.4,34,"Drama",5.2
10494,1989,94,7,30,"Action",4.3
18703,1957,74,13.6,12,"Drama",6.8
38591,2001,13,9.2,6,"Short",8.1
54450,1992,117,9.8,2297,"Action",5.6
1679,1986,154,12.3,63961,"Action",5.4
17734,2002,100,10.2,143,"Comedy",2.5
32497,2004,95,11.6,26,"Drama",3.9
54448,1946,70,7.1,11,"Action",3.6
43244,1992,83,14.6,24,"Comedy",8.3
32490,1998,91,8.7,156,"Action",3
6307,1990,87,16.7,12,"Action",8.1
14519,1960,80,7.3,7,"Animation",5.2
39948,1989,85,11.4,5,"Comedy",3.7
48019,1998,94,7.4,11,"Action",3.1
33002,1969,87,10.3,5,"Action",4.4
52499,1994,103,13.8,15,"Action",5.8
14126,1932,81,16.4,21,"Drama",3.6
45488,1947,110,11.1,710,"Comedy",4.2
57916,2000,115,16.5,3386,"Drama",4.7
6953,1990,89,14.1,13,"Action",3.6
1819,1998,16,5.5,45,"Drama",4.7
17144,2002,107,12,9167,"Drama",3
15594,1995,86,10.4,170,"Comedy",2.3
16234,1979,98,12,27,"Drama",2.7
12530,1979,92,8,106,"Action",2.1
10216,2003,NA,16.2,58,"Action",8.3
28532,2001,92,16,8,"Documentary",8.3
45069,1985,108,7.2,39,"Comedy",4.2
50030,2000,70,13.4,23,"Action",7.9
52854,1980,95,14.6,82,"Drama",3.2
55176,1947,104,5.8,30,"Comedy",4
14535,1942,7,15.2,29,"Animation",7.5
28566,1980,73,13.1,8,"Drama",4
43090,2000,115,9.7,5057,"Comedy",4
11862,1999,91,7.9,89,"Drama",3.7
54970,2004,97,7.4,29,"Drama",1.4
48943,1962,86,11.3,7,"Drama",3.8
8360,1936,109,10.9,674,"Drama",4.5
20863,2000,85,13.2,10,"Romance",3.3
54667,1910,17,8.7,13,"Drama",8.5
14819,1973,87,14.1,13,"Action",3.9
36247,1985,101,11.8,5,"Action",4.7
19275,1961,93,15,5,"Drama",4
8624,2001,59,13.8,11,"Documentary",8.2
11023,1953,70,12.2,24,"Action",4.5
33356,1967,93,5.2,5,"Comedy",4.5
17729,1995,96,12.9,319,"Drama",3.1
57495,1930,70,9.6,7,"Drama",5.1
23939,1959,87,15.5,815,"Action",5.1
53525,2001,131,13.4,42,"Drama",4.5
14254,1981,56,16.3,20,"Documentary",8.5
18762,1953,7,12.2,30,"Animation",8
5099,1959,214,8.9,21031,"Action",4.3
24490,1953,77,14.9,107,"Comedy",3.3
52443,1948,100,13.6,20,"Drama",3.1
3631,2002,2,11.3,9,"Comedy",8
8905,1958,82,8.1,6,"Drama",4.2
40080,1945,92,12.5,36,"Comedy",7.9
44659,1977,90,8,87,"Action",4.2
55159,1966,77,3.9,31,"Action",2.9
14358,1959,109,13,6,"Action",3.8
56805,1938,92,14.2,63,"Drama",3
42646,2000,103,13.2,197,"Drama",4
28176,1964,82,13,23,"Drama",5.1
46318,1988,106,15.7,2342,"Comedy",8.1
51193,1949,7,11.8,40,"Animation",7.9
1418,2000,92,6.3,12,"Action",3.7
25113,2001,120,11.8,124,"Drama",4.9
11924,2005,120,11.1,66,"Drama",3.1
32278,1999,97,13.6,10,"Drama",5.8
8850,1988,102,12.8,85,"Comedy",8.7
50533,1982,110,14.7,13,"Drama",3.5
3697,1985,93,14.8,184,"Action",8.5
38731,1998,110,15.9,66,"Drama",3.4
25535,1957,92,13.8,16,"Action",3
47749,1947,11,8.6,5,"Comedy",7.2
35678,1991,214,14,15,"Action",3.6
50690,1955,122,13.3,150,"Action",2.8
40,1986,96,7.8,364,"Drama",3.7
23019,1991,93,9.7,391,"Comedy",5.4
49069,1991,92,11.5,131,"Action",4.2
42736,2002,96,8.7,32,"Drama",3.7
11123,2001,96,12.1,22,"Drama",4.1
12500,1973,91,11.6,40,"Action",5.4
52874,1979,90,11.9,358,"Action",3.4
4669,1979,76,13.6,8,"Comedy",7.3
34807,1944,80,12.8,37,"Comedy",7.6
706,1950,85,13.4,417,"Comedy",7.6
3061,1931,84,18.3,26,"Drama",5.3
42905,2002,95,13.2,70,"Comedy",4.3
8144,1982,92,9.4,44,"Comedy",4.2
16368,1972,82,15.8,6,"Drama",5.1
8488,1980,95,14.5,2468,"Action",4.7
43101,1994,96,8.9,102,"Action",3.5
58747,1984,95,9.4,164,"Comedy",2.6
5037,1969,98,13,22,"Drama",2.3
37132,1995,106,12.2,85,"Comedy",3.7
45174,2001,86,8.7,2508,"Comedy",3.3
52099,1999,91,20.3,164,"Drama",8.3
45052,1950,7,13,141,"Animation",7.8
41476,2000,18,17,5,"Drama",8.7
54073,1996,110,11.9,975,"Comedy",8.1
35166,1950,7,10.8,61,"Animation",8.1
38163,1977,92,11.6,1269,"Drama",2.5
1588,1936,7,12.2,10,"Animation",8.5
4062,2000,84,11,329,"Drama",4.7
33401,1935,9,11.8,52,"Animation",8.4
57643,1988,59,10.1,18,"Documentary",8.5
2382,1997,89,10.1,10510,"Action",4.5
11125,1989,94,8.9,312,"Comedy",3.2
20186,1953,90,8.8,85,"Drama",4
601,1986,115,16.4,7,"Documentary",8.2
10147,1997,94,17.3,15,"Comedy",7.9
40782,1937,8,10.9,9,"Animation",8.6
35422,1993,112,10.5,12,"Drama",3
42945,2002,12,15.7,22,"Drama",7.4
43033,1988,97,7.6,114,"Drama",1.4
53751,1942,85,13,9,"Comedy",8
16191,2002,90,10.7,329,"Action",3.8
31021,1988,60,13.2,30,"Drama",6.6
19889,1999,8,14.3,1217,"Comedy",8.1
55610,1998,95,11.4,97,"Action",4
30678,1968,96,5.7,11,"Comedy",5.1
4457,1933,65,11.2,7,"Drama",3.8
30054,1999,90,10.5,5,"Documentary",8.9
57390,1985,72,10.5,5,"Action",6.4
10658,1994,110,22.1,416,"Drama",2.6
25980,1915,78,14.6,34,"Drama",5.9
5385,1992,85,12.7,31,"Action",4.1
53251,1974,NA,11.9,19,"Action",3.6
44629,1993,96,12.6,21,"Action",2.9
8442,1993,50,15.9,35,"Action",8
11538,1954,NA,8.5,25,"Animation",7.4
44610,1987,NA,13.4,5,"Drama",4.1
41649,1988,25,11.4,9,"Drama",4.5
30357,1964,100,13.6,17,"Drama",3.7
38332,2004,87,7.9,7,"Documentary",2.6
9566,1980,92,12.1,31,"Comedy",8.1
6102,1992,78,9.5,574,"Comedy",3.1
4041,2000,97,11.4,41,"Drama",2.7
44569,1987,80,12.2,32,"Comedy",7.8
15803,1978,83,11.1,11,"Action",5.1
48393,1932,6,11.3,9,"Animation",7.7
31230,1952,93,11.5,20,"Drama",4.8
30784,1998,73,14.7,61,"Documentary",8.4
54260,1963,110,8.2,185,"Comedy",5.3
54507,1952,94,15,5,"Action",4.9
11336,1948,90,11.8,5,"Drama",4
47260,1950,85,13.4,7,"Comedy",7.5
50756,1914,12,8.1,60,"Comedy",8.3
42629,2000,110,11.1,223,"Drama",4
31916,1966,87,9.9,159,"Animation",3.9
53031,1957,88,17.1,7,"Drama",3.9
9247,2001,92,13.3,5,"Drama",3.3
18636,1985,97,13.7,25,"Comedy",8
27506,1997,101,10.4,443,"Comedy",3.4
44035,1998,121,14.1,13621,"Drama",2.5
29082,1997,86,7.9,62,"Action",3.2
17415,1978,114,11.5,271,"Drama",2.7
39455,1941,100,15.2,17,"Action",4.2
27771,1950,76,15.4,30,"Drama",3
1132,1957,75,10,6,"Action",3.9
47594,1980,100,8.4,1669,"Action",8.3
14049,1947,85,12.7,52,"Drama",3.3
51531,1928,22,13,57,"Comedy",8.1
2874,1993,90,12.9,24,"Drama",4
13839,1972,82,11.8,31,"Action",3.8
11596,1963,150,11.1,6,"Drama",3.6
15881,1937,89,13.5,49,"Drama",5.4
31011,1997,88,10.2,112,"Comedy",3.6
21276,1940,87,10.5,53,"Action",4.2
725,2000,15,8.4,16,"Short",8.5
24115,2000,107,6.9,907,"Comedy",3.9
55389,2002,120,11.7,111,"Drama",3.8
34962,2003,88,12.5,79,"Action",4
39934,2003,NA,17.4,76,"Drama",4.5
7646,1982,87,8.6,5,"Action",3.9
32781,1987,20,11.5,9,"Short",7.3
29035,1972,85,10.7,2522,"Action",4.1
21330,1984,NA,10.9,3360,"Drama",4.4
49980,1925,NA,11.5,17,"Comedy",7.9
7047,1994,95,11.6,143,"Drama",4
22244,2003,90,11.4,120,"Comedy",4.4
56760,1995,103,10.5,13035,"Comedy",3.2
37053,1991,85,10.6,14,"Drama",4.3
44628,1989,95,18.5,24,"Action",7.9
19886,1997,98,11.6,50,"Comedy",8.1
26255,1999,89,9.5,53,"Documentary",8.6
48206,1985,90,10.3,46,"Action",3.2
41621,1935,89,10.9,41,"Drama",5.3
38495,1992,105,9.6,337,"Comedy",4.1
39375,1995,93,12.5,149,"Action",4.8
22598,1957,91,10.6,320,"Drama",3.7
34928,1948,96,3.2,6,"Drama",3.8
27769,1959,69,10.9,403,"Action",4.7
344,1976,72,8.2,15,"Action",4.6
23733,1943,67,10.3,35,"Action",3.1
8742,1987,84,9.6,12,"Action",5.5
42653,1909,11,12.1,29,"Short",8.6
43530,2000,94,13.6,15981,"Comedy",7.8
55790,2004,NA,12.4,21,"Action",1.5
35331,1948,10,13.9,7,"Short",8.5
42848,1994,60,14.9,9,"Action",3.9
35472,2004,150,12.4,23,"Drama",4.5
49511,1987,90,15.3,495,"Comedy",8.3
3684,1980,88,8.4,8,"Comedy",5.4
37346,2003,9,11,23,"Documentary",8.3
41578,1968,101,10.6,286,"Comedy",5
14530,1954,7,9.2,39,"Animation",7.8
29474,2000,105,10.7,911,"Action",4.9
37116,1999,98,18.5,7,"Action",8
28403,1960,88,8.8,14,"Comedy",4
54849,1999,91,6.5,37,"Action",4.1
13518,1988,92,13.9,56,"Action",4
1247,1972,80,7,10,"Documentary",5.7
37196,1920,88,17,7,"Comedy",8.2
16559,2000,92,10.9,12,"Comedy",3.2
51348,1962,88,17.2,75,"Action",7.9
57480,2002,85,8.4,77,"Action",4.7
29960,1995,91,14.7,64,"Action",2.7
23249,2004,12,15.4,15,"Drama",8.1
2039,1999,NA,15.3,12,"Documentary",8.5
24337,2000,118,11,87,"Comedy",7.6
22297,1933,62,14.6,35,"Comedy",7.7
53638,1985,102,10.8,940,"Action",2.4
45467,1984,90,9.2,24,"Comedy",3.2
29536,1975,110,12,50,"Drama",3.8
44783,1984,107,13.6,325,"Drama",4
49651,2003,18,12,17,"Comedy",7.6
28134,1944,85,10.5,23,"Comedy",7.7
50803,1996,100,11.6,46,"Drama",3.5
4099,1957,75,10.6,10,"Action",3.9
6455,1992,93,10.6,1340,"Action",3.7
45012,1998,100,17,229,"Action",8.2
8452,1944,85,12.5,6,"Drama",4.8
1611,2002,15,7.6,11,"Comedy",8.2
34526,1984,115,12.8,2086,"Comedy",2.9
7679,1994,85,5.9,11,"Drama",3.7
45961,1992,7,7.2,27,"Short",8
4021,1997,6,13.8,35,"Comedy",8.1
50500,1989,73,11.5,7,"Action",4.6
26810,1985,101,11.2,903,"Action",6.5
22544,1967,94,3.9,11,"Action",6
11661,1987,70,13.6,30,"Action",3.6
38048,1993,120,13.9,6,"Documentary",8.1
57269,1966,90,13.1,134,"Action",3.8
14820,1964,7,12,37,"Animation",8.7
57435,1939,NA,12.9,38386,"Action",3.6
45360,1958,97,10.7,42,"Drama",4.3
47131,2003,57,14.3,7,"Documentary",7.3
56224,1920,145,11.8,293,"Drama",4.1
32447,1937,96,13.8,308,"Drama",3.7
46802,1948,84,10.1,11,"Drama",3.8
31191,1994,88,14.6,80,"Action",3.4
28518,1943,96,15.7,7,"Drama",7
20407,1966,110,15.7,513,"Comedy",3.9
39091,2003,5,13.3,49,"Animation",8.5
58695,1981,103,14.4,242,"Drama",4.1
52698,1955,73,10.2,43,"Action",4.1
46711,1994,128,11,64,"Comedy",4.1
15537,2003,91,15.7,74,"Drama",2.1
12134,1990,95,10.9,213,"Comedy",7.2
48646,1931,90,16.6,6,"Comedy",8.2
41613,1993,90,11.4,275,"Drama",4.6
45292,2004,18,12.4,11,"Short",7.8
19992,1979,80,10.8,6,"Action",5.6
12526,1944,90,16,61,"Action",7.7
68,1977,109,10.2,11,"Comedy",2.1
30726,1934,66,8.6,276,"Action",5.1
15542,2002,99,15,106,"Drama",3.6
24526,1958,81,12.3,34,"Action",4.7
9544,2002,48,15.9,18,"Action",7.4
57509,1950,92,8.8,43,"Drama",2.5
51630,1972,97,17.9,150,"Action",8.1
43078,1966,95,6.2,342,"Action",4.8
1496,1906,12,11.6,30,"Short",8.1
46154,1959,111,17.4,133,"Drama",4.1
45167,1938,NA,12.5,87,"Comedy",7.9
49690,1998,90,12.6,96,"Action",4
23799,2003,25,13.4,254,"Animation",4.6
4755,1926,101,8.3,43,"Action",4.4
47495,1991,103,9.6,42,"Comedy",4.7
4812,2001,19,13,16,"Drama",8
46547,2001,88,9.6,78,"Action",4.8
30243,2001,97,11.2,125,"Drama",3.5
6177,1959,90,13.2,64,"Drama",3.5
47635,1941,113,11.6,10,"Action",2.4
31867,2002,78,12.2,23,"Action",2.9
29720,1994,95,13.2,8,"Comedy",8.3
24599,1998,90,8.4,162,"Comedy",3.8
4932,1908,9,7.7,5,"Drama",8.3
35272,2003,83,16.1,239,"Documentary",7.8
20726,1935,95,9,22,"Drama",2.6
1414,1998,10,9.1,11,"Short",7.6
913,2005,8,12.5,10,"Short",8
672,1999,96,14.2,16,"Drama",4.1
21539,1994,115,14.9,23,"Romance",4.3
58088,1998,106,11.8,35,"Comedy",3.9
33350,1995,105,12.7,987,"Comedy",7.8
7515,1935,68,9.5,71,"Comedy",3.4
15404,1956,83,10.6,729,"Action",3.9
38102,1951,111,11.8,335,"Drama",4.4
8963,1986,117,14.5,480,"Drama",3.4
30993,2001,5,7.4,57,"Comedy",8.4
30266,1941,8,10.7,36,"Animation",7.4
2791,1997,124,13,36,"Documentary",7.4
26190,2004,NA,8.4,8,"Documentary",4
43445,2000,91,8.6,185,"Drama",3.2
35819,1929,77,13.8,21,"Comedy",7.9
30751,1937,7,13.6,18,"Animation",7.6
48909,1999,133,12.2,84488,"Action",4.8
1273,1934,81,11.8,33,"Drama",4
43619,1947,71,11.4,23,"Action",2.7
55880,1994,92,13.1,82,"Drama",2.5
19767,1926,97,15,25,"Action",3.1
10626,2002,108,9.9,8590,"Action",4.2
44382,2003,20,15.1,6,"Short",6.9
16295,1994,88,13.7,132,"Action",7.7
58279,1964,99,12.1,98,"Drama",5.3
35913,1993,110,16.4,22,"Comedy",8
31695,2004,179,15.2,363,"Action",5.5
30872,1955,102,17.6,551,"Drama",3.3
18489,2003,96,10.2,9,"Drama",3.5
23303,1939,7,14.1,9,"Animation",7.7
282,1968,156,4.9,64982,"Action",4.5
343,1971,86,17.3,14,"Drama",3.9
24081,1987,64,12.6,38,"Drama",4.3
23007,2005,89,10.3,17,"Comedy",8.3
27296,1984,120,10.5,14,"Drama",2.4
52121,2003,135,7.8,11,"Documentary",3.5
54633,1999,4,20.1,8,"Short",8
5791,1951,100,16,92,"Drama",3.1
21097,2000,16,12,16,"Short",7.6
3895,1956,96,14.6,42,"Comedy",7.9
5954,1932,72,9.5,5,"Comedy",3.2
53792,1935,10,6.9,5,"Comedy",7.8
37721,1939,62,15.7,37,"Drama",4.5
40333,1983,88,16.1,8,"Drama",2.7
12553,1970,107,15.6,287,"Action",3.4
3158,2004,85,11.1,388,"Drama",4.3
16790,1956,82,13.2,13,"Action",3.8
12241,1958,110,14.3,49,"Action",2.1
23677,2002,88,14.1,30,"Action",5
32274,2001,92,17.6,25,"Action",8.1
47357,1987,85,14.4,150,"Comedy",8.1
22683,1998,10,13,41,"Short",7.6
36268,1904,10,10.5,37,"Comedy",8.1
39058,1998,97,11.4,10,"Drama",4.9
38223,2003,91,13.7,40,"Documentary",7.8
54104,1951,95,14.7,6,"Drama",3.7
28708,1976,6,14.8,13,"Animation",8.2
56835,1990,110,17.4,1148,"Action",3.7
46902,1994,73,8,14,"Comedy",4
25371,1938,7,13.2,12,"Animation",7.8
19333,1997,96,18,128,"Drama",5.2
8578,1974,91,8.9,442,"Action",3.7
25703,1970,124,12.7,38,"Drama",5.7
20310,2003,82,12.1,49,"Documentary",7.7
57983,1963,88,8.2,19,"Drama",4.5
21881,1982,90,11.6,5,"Drama",2.3
26131,1990,153,9.2,12,"Action",4.5
19389,1945,70,13.6,5,"Comedy",8.7
16676,1977,118,13,3009,"Drama",3.2
31127,1997,3,12.2,8,"Short",7.8
18297,1974,88,13.3,21,"Drama",2.6
41781,2003,70,12.4,43,"Comedy",7.3
17499,1979,90,11.1,7,"Drama",3.5
37919,1999,97,14,64,"Romance",4.1
55084,2003,86,10.3,12,"Action",3.1
53679,1977,105,7.5,21,"Comedy",2.9
56421,1972,44,12.1,10,"Documentary",7.7
26557,2002,99,8.5,1311,"Action",4.1
44839,1977,92,14.1,140,"Comedy",8.4
48263,1940,7,12.8,8,"Animation",7.6
13611,1937,61,12.2,8,"Action",4.3
21379,1989,109,7.1,1008,"Drama",5.7
36031,1959,125,14.5,251,"Drama",4.2
50079,2004,98,8.8,14,"Comedy",3.9
52867,1973,85,10.5,47,"Drama",4.7
51432,1991,83,14,17,"Documentary",7.8
3787,1997,91,14.6,572,"Comedy",7.9
38751,1997,100,12.1,53,"Drama",3.9
54868,1989,103,11.4,1022,"Comedy",7.8
55347,1960,90,13,49,"Action",4.5
5645,1998,120,11.6,7,"Action",2.9
47752,1947,11,15.1,15,"Comedy",8.4
43651,1993,60,10.9,144,"Action",4
8143,1980,85,17.2,64,"Action",7.9
20905,1988,98,10.8,163,"Action",2
17596,1981,90,12.6,35,"Action",4.7
4604,1954,71,11.2,22,"Action",4.3
10260,2003,87,15.2,42,"Drama",3.1
42837,1978,94,7.6,124,"Drama",2.9
41234,1950,6,14.2,9,"Animation",8.6
49343,2003,75,15.3,11,"Documentary",8
42854,1975,93,9.7,11,"Action",2.8
7596,1999,8,17.6,68,"Animation",8
16963,1964,184,11.8,996,"Drama",4.2
25597,1949,87,13.5,206,"Drama",2.3
11671,1952,40,15.1,38,"Drama",8.1
4783,1954,89,13.2,8,"Drama",5.5
2318,1978,98,13.7,104,"Action",3.9
32244,1942,10,8.1,7,"Documentary",7.9
50732,2002,92,10.8,197,"Comedy",4.1
7841,1996,84,11.6,3613,"Action",8
56658,1995,93,6.6,1158,"Drama",4
994,2003,124,9.4,17,"Action",3.8
52202,1914,82,13.6,247,"Comedy",8.1
36609,2003,86,8.7,6,"Drama",5.2
7544,1919,90,8.7,789,"Drama",3.4
24345,1932,79,13.9,60,"Drama",3.7
44701,1976,85,10.8,9,"Documentary",8.2
12574,1938,7,9.3,17,"Animation",8.2
56352,1967,105,13.9,1064,"Drama",5.3
9866,2003,2,10,5,"Short",7.4
50953,1981,NA,9.7,132,"Comedy",4.6
51559,1956,6,11.8,47,"Animation",7.8
47327,1987,100,10.5,318,"Action",4.7
15969,1945,91,15.6,320,"Romance",3.9
35200,2003,14,17.3,22,"Short",7.4
20183,1947,89,10.1,16,"Action",4.2
15790,1998,90,14.5,43,"Comedy",8.3
9770,1980,27,15.2,5,"Short",8.2
15297,1994,28,15.4,51,"Comedy",7.6
24335,1985,130,11.2,29,"Drama",4.3
3579,1918,63,13.7,86,"Drama",4.6
57417,1999,95,12.2,308,"Action",4.4
50913,1990,NA,7.2,13,"Drama",3.9
51386,1986,111,12.3,2107,"Action",4.5
58764,1991,NA,16.5,10,"Action",7.5
22373,1979,92,14,183,"Comedy",8.2
9074,1954,88,7.9,114,"Action",4.4
49116,1987,25,4.6,19,"Short",8.2
29380,1959,95,15.9,31,"Comedy",3.9
47284,1968,6,13.2,11,"Animation",7.8
17227,1994,87,13.8,137,"Action",2.6
47709,1949,82,9.9,137,"Drama",3.4
55254,1993,14,14.4,9,"Short",8.5
35572,1996,84,12.8,59,"Comedy",7.9
48197,1956,144,14.8,106,"Drama",2.5
51811,2000,97,12.8,623,"Comedy",4.5
7830,1940,58,10.9,16,"Action",3.5
16654,1999,88,11.2,5,"Action",3.6
51634,1939,105,16.4,37,"Drama",4.8
8121,2001,NA,16.2,9,"Drama",4.1
40455,1937,7,12,11,"Animation",8.1
29878,1941,80,11.6,7,"Comedy",8.4
41989,1964,87,16.5,45,"Action",7.8
50985,2001,34,6.9,5,"Short",8.2
13029,1993,92,14.7,23,"Documentary",7.9
51690,1989,83,12.7,22,"Action",4.6
52998,1982,96,12,1103,"Comedy",7.7
1256,2001,10,14,40,"Documentary",7.9
42100,1975,88,13.5,361,"Action",4.2
4915,1948,62,11.4,49,"Drama",3.9
7278,1952,89,10.6,5,"Drama",3.3
26457,1999,NA,9.1,199,"Comedy",4.2
35336,1946,79,13.8,66,"Action",5.4
3587,2003,5,13.8,9,"Short",8.5
54785,2002,86,9.5,30,"Documentary",7.8
28849,1992,88,11,14,"Action",4.7
56736,2000,89,10.9,1461,"Comedy",4.9
13188,1954,58,12.3,5,"Action",5.1
49076,1993,99,14.8,40,"Comedy",8.8
19978,2004,95,10.7,42,"Comedy",8
52380,1963,7,5.1,34,"Animation",2.7
32999,1926,NA,13.7,5,"Action",4.6
894,1976,100,13.5,82,"Action",4.5
46859,2002,85,8.9,39,"Drama",5.8
17577,1944,NA,8.4,930,"Comedy",5.4
46828,2004,17,12.8,7,"Documentary",8.4
16719,1960,111,14,42,"Drama",3.1
56576,2001,13,12,16,"Comedy",8.4
15660,1967,95,11.1,6,"Drama",3.4
6078,2000,100,10,192,"Action",5.5
42368,1968,104,11.4,84,"Action",2.9
5133,1999,99,9.4,2058,"Action",4.9
800,1997,91,13.1,9,"Action",5.2
46773,2000,15,11.8,5,"Short",8.6
47622,1998,98,18.6,12091,"Action",7.7
29485,1965,78,11.6,31,"Comedy",7.3
48112,1997,92,15.1,27,"Documentary",7.5
44053,1968,11,17.2,29,"Comedy",7.7
28599,1962,126,11.9,156,"Drama",3.5
18495,1986,102,14.6,31,"Romance",4.1
45770,1962,135,13.1,604,"Drama",4.7
12128,1990,105,11.4,151,"Drama",4.7
58035,1982,90,12.5,6,"Action",4
497,1936,89,14.5,21,"Comedy",8.6
25382,1958,158,13.8,586,"Drama",5.1
38600,1938,78,10.3,9,"Drama",4.8
45524,1987,110,10.1,4389,"Comedy",3.9
16781,2000,79,10.9,424,"Documentary",7.6
51479,1957,88,12.6,18,"Drama",5.1
25334,1985,87,11.1,161,"Action",3.7
892,1950,55,12.1,10,"Action",3.4
41491,1963,75,13.8,40,"Comedy",8.4
7527,1932,60,17.4,8,"Action",8.4
9882,1956,6,9.5,49,"Animation",8.2
40525,1931,61,13.7,6,"Action",3.3
36711,1997,93,15.9,44,"Drama",3.7
30563,1999,NA,10.2,50,"Action",3.2
55267,1943,65,5.7,68,"Animation",3.8
52438,1989,35,12.3,21,"Documentary",8.7
41877,1970,90,12.2,54,"Comedy",8.3
42984,1966,30,15.3,11,"Documentary",8.2
7395,1948,98,13.2,29,"Comedy",7.7
2381,2001,94,10.9,15,"Drama",2.8
18542,1954,85,13,19,"Drama",2.9
1082,1949,68,10.3,625,"Animation",2.4
8673,1991,83,6.8,1257,"Comedy",2.9
21320,2003,15,14.4,13,"Comedy",7.9
21167,1940,124,10.3,10465,"Comedy",2.6
40648,1949,8,12.4,25,"Animation",8.1
1421,1997,100,11.3,61,"Action",3.5
8812,1976,89,15.3,218,"Comedy",8
36440,1959,96,13.3,8,"Drama",4.1
26411,1991,100,12.3,8,"Action",3.6
56861,1928,88,12.3,60,"Drama",4.7
26887,1966,109,10.7,28,"Drama",5.5
23490,1986,105,13.4,472,"Drama",3.1
54078,2000,92,10,37,"Drama",3.9
14366,1999,95,11,30,"Drama",2.3
32797,1993,NA,8.6,35,"Drama",4.3
13579,1980,123,9.8,89,"Drama",4.6
2021,1984,93,9.1,19,"Drama",4.6
4767,1955,6,13.4,6,"Animation",8.3
34016,2003,87,9.6,28,"Comedy",3.6
35348,1955,108,12,184,"Comedy",5.6
36735,2004,95,10.3,9,"Action",3.3
1341,1952,110,12,11,"Drama",2.9
51227,1962,130,10,51,"Drama",5.5
8793,1995,121,13.6,1401,"Drama",3.7
18967,2004,15,7.4,7,"Short",7.9
7666,1993,97,9.7,15,"Action",3.7
41909,1962,124,13.1,55,"Drama",3.9
12712,1999,82,10.8,6,"Action",4.9
26737,1946,124,10.7,254,"Drama",4.7
18238,2004,113,12,2732,"Action",5.5
38257,1978,64,7.9,10,"Action",3.1
27926,1931,248,6.6,6,"Action",4.3
15290,2005,97,10.8,57,"Action",7.6
28246,1969,85,14.1,9,"Drama",3.2
42730,1957,71,11.6,35,"Drama",3.7
27805,2002,104,8.8,1771,"Drama",5
44279,1949,61,13.6,18,"Action",4.8
18073,1989,65,13.8,19,"Action",3.1
31364,1958,72,13.3,58,"Action",2.4
46521,1999,75,10.8,5,"Documentary",8.4
44204,1999,81,12.2,91,"Drama",3.3
30112,2001,75,11.3,15,"Animation",4.5
10944,1943,96,16,70,"Comedy",8.2
57607,2002,93,12.3,12,"Action",5.1
52453,1960,96,9,137,"Drama",5.2
13306,1992,180,7.9,157,"Animation",4
49900,1937,21,13.9,25,"Short",7.5
55710,2004,108,10.6,7,"Action",4.2
41958,1998,90,11.9,35,"Drama",4.8
43189,1974,104,11.7,130,"Comedy",2.6
35839,2001,84,18,16,"Drama",4.8
29930,1951,91,10.1,42,"Drama",4.7
25551,1998,25,11.4,13,"Short",8.4
5684,1975,98,16.6,25,"Drama",3.1
49499,1996,92,11.7,32,"Action",5.3
25765,1982,104,11.4,7,"Action",3.1
12669,2003,102,10.6,8,"Drama",3.5
5166,1975,115,7,20,"Action",4.3
20872,1976,95,11.6,34,"Drama",3.8
18936,1994,84,15.7,75,"Comedy",7.4
10414,1971,137,12.1,65283,"Drama",4.1
29389,2004,70,10.4,5,"Documentary",8.3
58439,1987,89,13.7,39,"Drama",4.3
23346,1966,17,12.6,52,"Short",7.7
37307,1982,93,11.5,27,"Drama",4
28931,1967,83,13.8,8,"Action",4.1
2300,1960,113,12.3,9,"Drama",3.5
6919,1941,63,14.5,14,"Action",7.9
33777,1965,108,12.6,518,"Action",6.4
38181,1993,103,10.4,72,"Drama",4.4
39803,1989,85,6.2,19,"Documentary",4.6
10254,1941,74,16.6,9,"Action",8
52226,1988,83,11.3,35,"Action",3.9
36437,1988,7,14.3,22,"Animation",8
6416,1991,89,21.5,80,"Comedy",8.2
50740,1954,81,15.1,20,"Action",5
42124,1980,89,10.6,9,"Comedy",7.9
21383,1994,92,9.1,417,"Comedy",3.2
31341,1973,108,15.8,60,"Drama",3.7
33160,2004,138,12.4,1400,"Comedy",4.5
50532,1935,30,10.8,80,"Documentary",7.7
56534,2003,96,12.1,187,"Drama",3.7
26432,2000,NA,14.7,186,"Comedy",8.1
56177,1952,30,11.2,15,"Short",7.8
8917,1956,27,10.9,45,"Comedy",8.1
34285,1987,82,12.1,1363,"Comedy",8.3
51013,1992,106,10.1,9,"Action",4.3
6449,1933,6,15.4,11,"Animation",8
25679,1999,116,17.5,95,"Action",8
58472,2001,107,12.8,6,"Action",5.8
21364,1976,NA,15.3,236,"Action",2.6
31784,2001,20,9.1,15,"Short",7
35430,1995,38,13.3,28,"Documentary",8.2
57956,2002,100,13.9,319,"Action",4.5
22435,1986,130,18.2,3610,"Action",8.4
31020,1997,84,8.3,28,"Comedy",4.3
23261,1962,107,13.3,28,"Drama",4.2
16758,1996,101,12,1843,"Drama",3.6
51662,1940,106,11.1,1314,"Action",3.9
12920,1982,105,9.5,7,"Action",4.1
53276,1953,16,16.4,36,"Comedy",8.5
21400,1993,82,12,6,"Drama",5.2
1161,1990,87,10.1,9,"Documentary",8.1
12021,2000,44,15.6,185,"Animation",8.3
53454,1981,110,11.2,938,"Drama",3.9
29469,1994,120,6.4,7,"Action",2.7
825,1983,88,11.3,22,"Comedy",7.2
2096,1944,10,10.4,5,"Documentary",7.7
567,1992,100,9.1,32,"Action",4
12743,1996,100,8.5,14,"Comedy",3.4
52265,1994,98,16.3,5976,"Action",7.8
55858,1950,92,11.1,45,"Action",2.2
24194,2001,110,11,29,"Drama",1.8
38295,1989,NA,11.4,23,"Action",3.5
55009,1966,70,14.9,94,"Documentary",8
22427,1999,90,15.2,15,"Comedy",2.3
18464,1941,69,9.6,7,"Comedy",7.7
32601,1989,85,14.1,73,"Action",3.3
414,1964,16,8.8,10,"Documentary",7.7
48231,1992,90,9.9,28,"Action",4.3
11442,1949,68,17.6,24,"Action",7.6
16040,1975,11,14.8,7,"Animation",8.2
6766,1984,112,14.1,72,"Comedy",8.5
32106,1952,6,12.2,41,"Animation",8
18320,1995,93,12.1,7,"Action",3.9
9464,1936,72,10.9,108,"Action",3.6
48592,1994,95,3.3,106,"Action",4.2
9645,1970,139,15.4,13,"Drama",4.8
54029,1972,250,14.1,4007,"Drama",6.5
55953,1995,102,7.5,4085,"Drama",4.2
271,1932,78,12.1,274,"Drama",3.5
303,1930,10,14.3,15,"Comedy",7.7
16491,2005,30,9.2,7,"Action",7.8
42890,1946,65,18.4,6,"Action",7.6
1699,1996,17,12,55,"Short",8.1
47885,2001,96,9.7,41,"Comedy",6.2
50763,1974,112,9,13,"Drama",3.2
15898,2004,97,11.1,870,"Comedy",3.8
28759,1940,80,10.2,33,"Comedy",3.8
2932,1997,108,7.2,305,"Comedy",4
6844,2002,98,11.1,17,"Drama",3.9
13245,1992,97,12.4,96,"Action",3.3
21200,1956,98,10,50,"Drama",4.7
39162,1977,NA,13.9,20,"Action",1.9
48050,1945,100,16.2,58,"Drama",2.3
28424,2004,26,15.6,9,"Documentary",8.3
38657,1935,68,7.4,46,"Drama",2.6
44739,1961,99,19.6,5,"Action",8.3
6936,1977,118,13.2,109,"Drama",3.2
10543,1984,96,9.3,135,"Action",6
50780,1950,101,11.6,10,"Drama",3
53786,1936,64,12,35,"Drama",5.4
24651,1941,73,10.7,14,"Drama",3.5
30232,1955,71,12.6,10,"Drama",4
28118,1964,80,6.9,17,"Comedy",5.1
19375,2001,94,8.5,25,"Drama",3
35809,1942,77,7.7,9,"Action",4
47608,1976,100,12.6,17,"Drama",4.1
24600,1944,18,12.5,64,"Drama",8.7
31453,1969,93,17.6,45,"Drama",3.9
13102,1948,75,11.9,10,"Drama",4.3
4620,1949,118,14.9,849,"Action",2.3
18837,1998,146,11.7,97,"Documentary",7.8
11693,1988,93,11.1,1074,"Comedy",7.8
43821,1947,105,13.3,48,"Comedy",3.4
29097,1987,12,9.2,6,"Drama",8.1
45971,2003,88,9,5,"Comedy",2.5
11410,1956,95,15.5,21,"Comedy",7.3
18667,1960,121,15.1,28,"Comedy",7.9
9050,1975,100,9.1,35,"Comedy",4.9
3438,1968,76,12.4,8,"Action",5.2
36462,1981,78,13.3,20,"Action",3.3
29564,1998,75,9.2,27,"Documentary",7.5
37435,2001,89,13.7,8,"Comedy",4
49533,1987,100,17.2,15,"Action",8
5179,1968,96,13.7,150,"Action",5.2
11759,1998,94,10.3,7,"Action",4.3
34583,1996,114,7.8,1232,"Drama",2.7
53319,1972,94,12.3,62,"Drama",4.6
21537,1976,105,11,586,"Comedy",8.3
5921,1974,98,13.6,27,"Action",4.4
45911,1988,90,4.5,55,"Action",3.1
6901,1972,82,9.2,6,"Action",5.8
16768,1991,98,15.3,115,"Romance",4
6744,1998,105,10.6,94,"Action",2.4
8711,2001,82,11.8,412,"Action",3.8
32197,2003,11,9.8,8,"Drama",7.8
31450,1938,80,13,162,"Comedy",3.2
41843,2005,113,10.5,18,"Romance",5.4
20368,1975,92,11.1,164,"Comedy",7.5
32357,2005,90,17,9,"Drama",4.9
53335,2002,77,12.8,18,"Animation",4.5
22130,1971,149,13,38,"Drama",3
13765,1996,100,13,14,"Comedy",8.1
14069,1993,92,10.5,46,"Action",3.8
57616,1929,81,13.2,16,"Comedy",7.8
33637,1998,91,7.8,216,"Action",2.7
20437,1996,88,15.7,2606,"Action",4.3
57788,1994,177,12.2,60,"Action",4.4
49003,1932,79,11,19,"Drama",3.3
57531,1923,82,13.9,17,"Drama",2.7
45293,1939,8,8.4,11,"Animation",8.1
13510,2003,7,11.8,156,"Animation",3.7
18761,1937,7,12.9,5,"Animation",8.2
50924,2000,90,16.5,8,"Action",8.3
13837,1980,108,13.3,77,"Comedy",8.2
17522,2001,9,14.7,5,"Short",7.3
49878,1939,97,14.2,18,"Action",3.5
54200,2000,93,14.3,32,"Comedy",8.6
57234,1936,54,11.5,77,"Action",2.6
22954,1934,81,6.3,33,"Comedy",3.4
13979,1986,96,11.5,146,"Comedy",8.6
13822,2003,74,10.6,7,"Documentary",8.3
56099,1930,104,8.8,6,"Comedy",3.9
4503,2003,98,8,8370,"Drama",3.4
50669,1991,114,12.4,26,"Documentary",7.8
15503,1963,61,13.6,9,"Drama",3.8
20298,1995,84,13.2,50,"Action",3.8
10283,1975,110,13.1,10,"Drama",4.4
58103,1947,112,8.9,5,"Drama",3.6
10822,2002,100,15.8,20,"Action",4.4
27620,1968,NA,10.8,8,"Action",4.4
32950,1982,99,10.8,562,"Action",3.9
15095,1954,78,11.5,44,"Action",2.1
39742,1974,97,5.1,27,"Drama",3.9
49889,1996,122,16.4,704,"Drama",4.2
20833,1967,91,16,64,"Comedy",8.2
43085,1951,23,10.5,74,"Short",8.2
49329,2001,87,11.8,4025,"Comedy",3.3
33448,1978,121,10.2,7617,"Drama",4.9
43856,1955,92,9.5,8,"Drama",5.4
23810,1999,91,12.6,15,"Drama",3.1
11508,2003,5,12.6,5,"Short",8.2
52876,1999,10,10.1,7,"Animation",3.8
6054,1968,106,16,558,"Comedy",7.3
13383,1996,100,8.5,203,"Comedy",4.5
48583,2004,115,13.7,7,"Action",2.7
45728,1995,136,8.9,13904,"Comedy",4.9
36252,2000,NA,13.6,13,"Action",4.2
25576,1988,88,15.1,55,"Drama",4.1
55695,1984,98,11.9,17,"Action",4.2
31091,1986,80,13.9,29,"Action",4.7
14578,1997,127,11.3,20029,"Drama",4.5
23955,1954,68,17.2,7,"Drama",4.2
51324,1966,NA,12.8,9,"Action",3.9
51562,1981,92,10,37,"Action",4.2
49778,1927,20,7.9,33,"Comedy",7.8
13892,1997,100,15.2,28,"Comedy",2.9
37988,1966,100,10.9,52,"Action",8.4
32528,1946,8,13.9,9,"Animation",8.1
24063,1941,118,12.1,2662,"Drama",4.2
47425,2000,81,15.2,55,"Action",4.2
26568,2000,100,12.8,78,"Comedy",2.7
18244,1953,90,12.5,43,"Drama",3.4
38179,2000,85,8.7,2492,"Comedy",3
36134,1977,93,17.5,17,"Action",8.2
31232,1999,93,15.6,115,"Action",4
58617,2001,92,10.7,83,"Drama",3.6
47592,1981,87,10.3,44,"Action",7.5
12705,1939,71,12.2,18,"Comedy",7.8
34754,2004,5,15.8,5,"Comedy",7.8
26450,1932,70,3.7,128,"Comedy",3.1
46070,1955,80,11,55,"Action",4.3
37761,1998,103,9.4,165,"Drama",5.4
51253,2000,11,9.2,6,"Comedy",8.4
26579,1938,10,6.1,6,"Short",8
15443,2002,85,11.8,17,"Comedy",3.8
39330,1983,112,7.6,7,"Documentary",4.3
10096,2001,110,13.8,191,"Comedy",3.4
35478,2001,106,14,74,"Action",2.8
58304,1996,NA,13.4,60,"Action",4.1
12189,1982,58,17.3,7,"Documentary",7.9
8461,1975,95,11.1,25,"Action",2.7
42960,1947,7,14.6,13,"Animation",8.2
1693,1993,127,14.5,5786,"Action",2.4
6254,1995,80,14.8,70,"Action",3.5
40123,1967,6,12.5,8,"Animation",8.4
22913,1998,114,8.9,1089,"Drama",4.9
54922,2004,141,9.3,2151,"Drama",3.7
15025,1997,84,13.8,42,"Action",4.7
47038,2003,109,10.6,1184,"Comedy",4.2
22722,1943,73,17.8,47,"Comedy",8
10625,2004,120,16.1,24499,"Drama",3.5
22771,1980,100,7.8,587,"Comedy",4.8
51834,2002,40,16.4,36,"Documentary",8.5
27985,1999,100,12.7,36,"Action",5.5
45866,1991,112,10,184,"Action",2.2
12997,1945,22,16.5,5,"Documentary",7.7
7244,1950,104,15.3,58,"Action",3.3
54643,1961,90,6.7,15,"Action",3.9
54246,1986,98,12.5,523,"Drama",2.8
31032,1970,104,14,199,"Comedy",8
55407,1940,66,9.8,13,"Comedy",8.2
11955,1991,91,12,32,"Action",3.3
55373,1967,80,11.6,82,"Action",4.8
50262,1979,99,7.1,6,"Action",2.5
9288,2004,82,13.6,27,"Comedy",7.8
6763,1984,102,9.8,82,"Drama",4
15394,1982,92,6.6,34,"Action",5.1
7816,1937,64,11,43,"Action",2.5
47189,1996,NA,9.2,71,"Comedy",3.4
39561,1967,95,16.7,19,"Action",7.6
7223,1962,82,16.9,953,"Action",8.1
36530,2004,102,12.8,10,"Action",8.5
23468,1981,113,11.2,84,"Action",1.8
28085,1983,125,9,12,"Drama",5.2
2862,1936,92,14.5,44,"Comedy",7.9
55037,1973,NA,8.8,12,"Action",5.3
11014,2004,98,11.7,1367,"Comedy",8
17375,2003,91,15.1,742,"Action",5.4
40611,1916,25,13.9,105,"Comedy",7.9
26196,1944,10,11.6,36,"Short",7.4
21669,1992,95,9.6,21,"Comedy",2.7
28568,1941,84,12.6,13,"Drama",6.3
5716,1962,119,7.3,534,"Action",3.2
12184,1966,79,20.6,52,"Action",7.5
31657,2003,85,8.6,6,"Animation",4.6
25642,1964,92,9.7,7,"Action",3.6
19794,1964,NA,18,651,"Comedy",7.2
35366,1952,87,13.2,14,"Comedy",7.6
35085,1964,94,12.7,135,"Comedy",8.1
